Trading Name,Trading Code,RIC,Mkt Cap ($M),Tot. Rev ($M),P/E,Yield (%),Sector,GTI Score
3Cnergy,502,CNER.SI,52.14,0.174,,,Real Estate,44
8Telecom,AZG,ETEL.SI,7.939,0.802,,,Technology Equipment,57
A-Smart,BQC,ASMA.SI,29.812,5.268,,,Industrial & Commercial Services,61
A-Sonic Aero,BTJ,ASON.SI,36.257,349.379,4.31,0.6,Transportation,57
ABR,533,ABRH.SI,130.647,85.975,21.67,3.08,Food & Beverages,56
Abterra,L5I,ABTR.SI,12.863,10.819,,,Energy - Fossil Fuels,-6
Abundance Intl,541,ABUN.SI,32.042,546.332,,,Industrial & Commercial Services,65
Accordia Golf Tr,ADQU,ACCO.SI,19.152,629.545,0.94,246.77,Cyclical Consumer Services,61.3
Accrelist Ltd,QZG,ACCR.SI,10.328,118.049,,,Technology Equipment,
Ace Achieve Info,A75,ACEA.SI,5.625,37.791,,,Technology Equipment,42
Acesian Partners,5FW,ACES.SI,6.979,9.523,280,,Industrial & Commercial Services,68
Acma,AYV,ACMA.SI,2.798,62.687,,,Industrial Goods,67
Acromec,43F,ACRO.SI,11.917,23.101,,,Industrial & Commercial Services,61
Addvalue Tech,A31,AVAU.SI,47.225,10.929,22.58,,Technology Equipment,56
Advanced,BLZ,ADVA.SI,9.006,59.137,3.15,,Energy - Fossil Fuels,64
Advanced Systems,5TY,ADSA.SI,22.324,0,,,Technology Equipment,68
Advancer Global,43Q,ADVN.SI,42.902,,,8.12,Industrial & Commercial Services,80
Adventus,5EF,ADVE.SI,31.21,,,,Industrial Goods,58
Aedge Group,XVG,AEDE.SI,23.85,,,,Industrial & Commercial Services,
AEI,AWG,AEIC.SI,80.23,,,,Mineral Resources,39
AEM,AWX,AEM.SI,1124.078,518.959,11.31,2.25,Technology Equipment,89
AF Global,L38,AFGL.SI,88.674,10.689,,,Cyclical Consumer Services,66
AGV,1A4,AGVG.SI,15.343,10.265,,,Mineral Resources,55
AIMS APAC Reit,O5RU,AIMA.SI,968.128,118.092,37.11,,Real Estate,86.3
AIMS Property,BVP,APW.AX,49.732,-4.111,,1.82,Real Estate,
Alita Resources,40F,ALIT.SI,114.821,74.455,,,Mineral Resources,48
Alliance HC,MIJ,ALLA.SI,37.004,45.089,23,1.91,Healthcare Services,51
Allied Tech,A13,ALLT.SI,18.943,109.363,,,Industrial Goods,71
AlphaDX,VVL,ALPH.SI,71.103,0,,,Energy - Fossil Fuels,
Alset,40V,ALSE.SI,118.513,,,,Real Estate,75
Amara,A34,AMRA.SI,230.774,,,,Cyclical Consumer Services,71
Amcorp Global,S9B,AMCO.SI,56.753,42.449,,,Real Estate,83
AMOS,RF7,AMOS.SI,44.155,119.491,,,Industrial Goods,57
Amplefield Ltd,AOF,AMPL.SI,26.118,2.282,74.36,,Real Estate,77
AMTD IB OV,HKB,,,,,,,
AnAn Intl,Y35,ANAN.SI,135.462,1587.835,43.79,,Energy - Fossil Fuels,32
Anchor Resources,43E,ANCH.SI,128.024,,,,Mineral Resources,76
Anchun Intl,BTX,ANIH.SI,11.11,19.206,,10.73,Industrial Goods,50
AnnAik,A52,AAIK.SI,16.034,,,1.85,Mineral Resources,53
Annica,5AL,ANHL.SI,16.675,10.906,,,Energy - Fossil Fuels,51
Aoxin Q & M,1D4,AOXI.SI,68.684,27.107,,,Healthcare Services,78
AP Oil,5AU,AOIL.SI,29.78,57.149,13.83,2.76,Chemicals,68
AP Strategic,5RA,ASIC.SI,17.826,0.918,,,Cyclical Consumer Services,53
APAC Realty,CLN,APAC.SI,179.375,389.429,10.91,4.95,Real Estate,56
ARA HTrust USD,XZL,ARAU.SI,295.018,78.161,,,Real Estate,66.2
ARA LOGOS Log Tr,K2LU,ARAL.SI,1057.387,117.432,20.95,,Real Estate,81.6
Arion Ent,YYB,ARIO.SI,16.811,0.885,,,Cyclical Consumer Services,
Ascendas Reit,A17U,AEMN.SI,12384.194,1049.46,25.47,4.12,Real Estate,94.4
Ascendas-iTrust,CY6U,AINT.SI,1727.095,191.672,13.16,6.28,Real Estate,84.4
Ascott Trust,HMN,ASCO.SI,3300.967,369.872,,2.73,Real Estate,
Asia Enterprises,A55,AEHL.SI,50.604,42.782,96.1,3.38,Mineral Resources,65
Asia Vets,5RE,ASIV.SI,9.938,4.323,755.56,2.94,Healthcare Services,59
AsiaMedic,505,ASIM.SI,20.153,15.279,,,Healthcare Services,67
Asian Healthcare,1J3,ASAI.SI,84.804,16.934,28.53,0.81,Healthcare Services,80
Asian Micro,585,AMHL.SI,15.582,3.419,,,Industrial & Commercial Services,52
Asian Pay Tv Tr,S7OU,ASIA.SI,205.924,307.378,10.36,9.21,Cyclical Consumer Services,53.3
AsiaPhos,5WV,ASIP.SI,18.567,0.846,,,Mineral Resources,64
Asiatic,5CR,ATIC.SI,12.452,46.569,,,Industrial Goods,61
Asiatravel.com,5AM,ATVE.SI,12.307,94.353,,,Software & IT Services,34
ASL Marine,A04,ASLM.SI,25.271,205.442,,,Industrial Goods,86
Aspen,1F3,ASPE.SI,259.996,91.375,10.4,1.42,Real Estate,64
Aspial,A30,ASPA.SI,233.508,531.246,13.11,6.25,Real Estate,66
Astaka,42S,ASTA.SI,162.329,32.252,,,Real Estate,80
ASTI,575,ATIH.SI,22.505,56.721,13.2,75.76,Technology Equipment,74
Atlantic Nav,5UL,ATLA.SI,22.511,98.089,,,Energy - Fossil Fuels,46
AusGroup,5GJ,AUSG.SI,88.834,196.792,,,Energy - Fossil Fuels,56
Avarga,U09,AVAR.SI,313.548,1693.259,5.7,4.55,Cyclical Consumer Products,78
Avi-Tech,BKY,AVTH.SI,71.832,26.42,17.45,3.66,Technology Equipment,92
AVJennings A$,A05,AVJ.AX,219.365,205.501,38.6,1.3,Real Estate,
Axington,42U,AXIN.SI,54.284,4.527,95.94,12.11,Industrial & Commercial Services,84
Axington R,IXOR,,,,,,,
Axington R1,QPQR,,,,,,,
Ayondo,1I5,AYON.SI,23.338,0,,,Banking & Investment Services,
Azeus,BBW,AZEU.SI,54,32.285,16.88,2.11,Software & IT Services,61
Aztech Gbl,8AZ,AZTE.SI,1029.048,484.273,18.47,1.5,Industrial Goods,
B&M Hldg,CJN,BMHL.SI,22.771,1.878,,1.62,Banking & Investment Services,59
Baker Technology,BTP,BATE.SI,66.95,63.164,,,Energy - Fossil Fuels,82
Ban Leong,B26,BANL.SI,29.708,163.1,6.87,4.9,Technology Equipment,70
Banyan Tree,B58,BANY.SI,279.881,157.832,,,Cyclical Consumer Services,92
BBR,KJ5,BBRS.SI,51.304,121.595,,,Industrial & Commercial Services,78
Beng Kuang,BEZ,BENK.SI,5.265,42.667,,,Industrial & Commercial Services,75
Best World,CGN,BEST.SI,733.769,545.614,,3.99,Personal & Household Products & Services,64
Beverly JCG,VFP,BEVE.SI,15.815,5.446,,,Healthcare Services,
BH Global,BQN,BHGC.SI,93,53.219,28.89,,Industrial Goods,69
BHG Retail Reit,BMGU,BHGR.SI,291.68,60.561,,3.42,Real Estate,81.4
Biolidics,8YY,BIOL.SI,75.253,,,,Healthcare Services,
BlackGoldNatural,41H,BLAC.SI,17.29,12.821,,,Energy - Fossil Fuels,66
Blumont,A33,BLUM.SI,110.283,3.499,,,Industrial & Commercial Services,59
Boldtek,5VI,BOLD.SI,16.706,38.264,,,Real Estate,77
Bonvests,B28,BVHS.SI,409.547,120.588,,0.29,Cyclical Consumer Services,63
Boustead,F9D,BTSS.SI,500.067,724.116,12.13,3,Industrial & Commercial Services,77
Boustead Proj,AVM,BOUS.SI,339.2,357.23,31.95,0.75,Industrial & Commercial Services,85
BRC Asia,BEC,BRCA.SI,374.791,612.378,17.54,1.31,Cyclical Consumer Products,54
Broadway Ind,B69,BRWY.SI,64.652,400.673,4.55,,Industrial Goods,53
Brook Crompton,AWC,BROO.SI,22.871,,,3.1,Industrial Goods,72
Bukit Sembawang,B61,BSES.SI,1232.418,374.25,14.83,0.84,Real Estate,77
Bumitama Agri,P8Z,BUMI.SI,852.403,834.384,8.2,4.95,Food & Beverages,77
Bund Center,BTE,BCIL.SI,433.479,68.799,45.13,3.95,Real Estate,68
Camsing Hc,BAC,CAMS.SI,30.355,12.958,,,Retailers,44
Capital World,1D5,CAPI.SI,9.167,13.906,,,Real Estate,53
CapitaLand,C31,CATL.SI,19735.949,6532.572,,2.41,Real Estate,123
CapLand China T,AU8U,CAPA.SI,2101.393,210.525,,4.55,Real Estate,98.2
CapLand IntCom T,C38U,CMLT.SI,14112.432,745.209,41.47,3.31,Real Estate,110.5
Captii,AWV,CAPT.SI,12.144,,,3.29,Telecommunications Services,58
Casa,C04,CASA.SI,14.058,14.699,9.17,7.46,Cyclical Consumer Products,43
CDL HTrust,J85,CDLT.SI,1567.387,117.558,,4.37,Real Estate,85.9
CDW,BXE,CDWH.SI,68.088,148.594,31.8,5.61,Technology Equipment,85
CEI,AVV,CEII.SI,104.642,123.489,17.15,4.55,Technology Equipment,79
Centurion,OU8,CNCL.SI,290.069,128.355,16.9,,Real Estate,89
CFM,5EB,CFMH.SI,6.449,18.642,,,Industrial Goods,71
CH Offshore,C13,CHOF.SI,33.844,25.138,,,Energy - Fossil Fuels,62
Challenger,573,CHAL.SI,205.399,270.84,8.84,4.54,Retailers,73
Charisma Energy,5QT,CHAR.SI,26.073,18.007,,,Utilities,52
Chasen,5NV,CHHL.SI,24.11,103.136,,,Transportation,87
ChasWood Res,5TW,CHAS.SI,2.212,0.558,,,Cyclical Consumer Services,41
Chemical Ind,C05,CHEM.SI,55.06,61.654,10.45,2.07,Chemicals,46
Cheung Woh,C50,CHWO.SI,46.963,41.858,,3.33,Industrial Goods,69
China Aviation,G92,CNAO.SI,996.111,13974.93,13.25,2.24,Energy - Fossil Fuels,84
China Env,5OU,CHEN.SI,30.422,1.196,,,Industrial & Commercial Services,59
China Env Res,RS1,1130.HK,169.033,70.194,,,Industrial & Commercial Services,
China Everbright,U9E,CEWL.SI,1463.826,969.616,4.16,6.71,Utilities,83
China Fishery,B0Z,CNFG.SI,264.891,647.963,,,Food & Beverages,45
China Haida,C92,CHHA.SI,1.02,6.271,,,Mineral Resources,68
China Intl,BEH,CHNA.SI,24.932,,,,Industrial & Commercial Services,59
China Mining,BHD,CMIL.SI,8.8,0.645,,,Real Estate,57
China Paper,C71,CPHL.SI,42.879,149.179,,,Applied Resources,26
China Sky Chem,E90,CSKY.SI,23.622,325.054,,,Cyclical Consumer Products,12
China Sports,FQ8,CSIL.SI,12.501,52.756,,,Cyclical Consumer Products,44
China Star Food,42W,CHIA.SI,30.05,51.904,,,Food & Beverages,48
China Yuanbang,BCD,CYBP.SI,24.29,112.807,2.28,,Real Estate,64
ChinaKangdaFood,P74,0834.HK,164.52,1816.471,,,Food & Beverages,56
ChinaKundaTech,GU5,CKUN.SI,11.065,6.644,,,Automobiles & Auto Parts,70
ChinaSunsine,QES,CHSN.SI,560.531,477.212,12.39,1.75,Chemicals,
Chip Eng Seng,C29,CESE.SI,407.889,674.633,,4.04,Real Estate,85
Choo Chiang,42E,CHOO.SI,49.92,,,2.92,Industrial Goods,46
Chuan Hup,C33,CHHS.SI,213.503,34.668,,4.35,Real Estate,63
CityDev,C09,CTDM.SI,7301.689,2108.426,,1,Real Estate,125
Civmec,P9D,CIVM.SI,283.121,545.333,11.23,2.72,Industrial & Commercial Services,83
Clearbridge,1H3,CLEA.SI,93.817,36.258,117.83,,Healthcare Services,70
CNMC Goldmine,5TP,CNMC.SI,91.731,31.728,,,Mineral Resources,79
Colex,567,COLX.SI,27.83,,,2.14,Industrial & Commercial Services,60
Combine Will,N0Z,CWIHx.SI,27.478,163.863,5.19,5.88,Cyclical Consumer Products,64
ComfortDelGro,C52,CMDG.SI,3857.222,3228.6,63.23,0.8,Transportation,110
Cordlife,P8A,CORD.SI,102.997,50.616,15.09,2.34,Healthcare Services,59
Cortina,C41,CORT.SI,365.928,430.615,10.48,2.71,Retailers,75
COSCO SHP SG,F83,COSC.SI,750.147,185.843,90.05,,Transportation,55
CosmoSteel,B9S,COSM.SI,29.33,86.757,5.56,4.95,Mineral Resources,85
Courage Inv,CIN,1145.HK,400.662,61.469,,,Transportation,
CPH,539,CIPH.SI,8.605,,,,Real Estate,59
Creative,C76,CREA.SI,201.75,102.961,,,Technology Equipment,58
CreditBureauAsia,TCU,CRED.SI,301.811,43.378,38.96,,Industrial & Commercial Services,
CromwellReit EUR,CNNU,CROM.SI,1314.426,186.972,15.14,7.41,Real Estate,95.4
CromwellReit SGD,CSFU,,,,,,,
CSC,C06,CSCH.SI,53.517,225.173,,,Industrial & Commercial Services,56
CSE Global,544,CSES.SI,296.739,502.789,10.6,4.78,Software & IT Services,78
CWX Global,594,CWXG.SI,27.472,2.446,,,Energy - Fossil Fuels,80
DairyFarm USD,D01,DAIR.SI,5790.42,10268.5,21.37,3.86,Food & Drug Retailing,
Darco Water Tech,BLR,DRWT.SI,15.951,,,,Industrial & Commercial Services,67
Dasin Retail Tr,CEDU,DASI.SI,565.294,87.476,,5.43,Real Estate,85.9
Datapulse Tech,BKW,DATA.SI,39.583,0.68,,,Technology Equipment,63
DBS,D05,DBSM.SI,74751.563,12208,16.02,3,Banking & Investment Services,123
Debao Property,BTF,DPDL.SI,9.6,71.487,,,Real Estate,40
Del Monte Pac,D03,DMPL.SI,1079.826,3060.569,12.49,,Food & Beverages,109
Delfi,P34,DELF.SI,522.539,511.747,22.51,3.73,Food & Beverages,85
Design Studio,D11,DESS.SI,21.602,114.686,,,Retailers,54
DISA,532,DISA.SI,20.077,10.365,,,Consumer Goods Conglomerates,61
Don Agro,GRQ,DONA.SI,57.855,30.996,6.54,3.01,Food & Beverages,
Dragon,MT1,DRGN.SI,1.343,2.739,,,Industrial Goods,64
Dukang,BKV,DDHL.SI,6.706,22.295,,,Food & Beverages,54
Dutech,CZ4,DTHL.SI,90.917,360.505,6.06,3.92,Technology Equipment,62
Duty Free Intl,5SO,DUTY.SI,97.107,102.748,,6.33,Transportation,63
Dyna-Mac,NO4,DMHL.SI,102.321,84.037,,,Industrial Goods,79
Eagle HTrust USD,LIW,EAGL.SI,119.567,69.414,,25.39,Real Estate,
EC World Reit,BWCU,ECWO.SI,592.985,109.726,38.26,7.29,Real Estate,80.3
Econ Healthcare,EHG,,,,,,,
EcoWise,5CT,ECOW.SI,31.597,50.811,30,,Industrial & Commercial Services,78
Edition,5HG,EDIT.SI,25.233,,,,Food & Beverages,64
Eindec,42Z,EIND.SI,7.862,,,,Industrial Goods,58
EliteComREIT GBP,MXNU,ELIE.SI,312.218,20.963,9.53,7.52,Real Estate,
Ellipsiz,BIX,ELPZ.SI,61.837,54.565,4.11,2.7,Technology Equipment,54
EMAS Offshore,UQ4,,,,,,,
Eneco Energy,R14,ENEC.SI,16.866,36.616,,,Transportation,38
EnGro,S44,ENGR.SI,152.393,96.934,6.9,1.95,Mineral Resources,88
Envictus,BQD,ETIK.SI,34.135,129.1,,,Cyclical Consumer Services,52
Enviro-Hub,L23,EHHL.SI,95.518,30.77,,,Industrial & Commercial Services,56
Epicentre,5MQ,EPHL.SI,2.815,-3.175,,,Retailers,54
ES,5RC,ESGL.SI,10.308,17.533,10.5,2.05,Industrial Goods,72
ESR-REIT,J91U,ESRR.SI,1436.45,229.924,588.24,6.31,Real Estate,86.1
ETC Singapore,1C0,EMER.SI,33.39,27.827,,,Real Estate,82
EuroSports Gbl,5G1,EURO.SI,75.525,62.321,,,Retailers,71
Excelpoint,BDF,EXCE.SI,84.532,1473.158,6.16,4.26,Technology Equipment,72
Ezion,5ME,EZHL.SI,153.893,49.596,,,Energy - Fossil Fuels,82
Ezra,5DN,EZRA.SI,31.552,697.763,,,Energy - Fossil Fuels,30
F & N,F99,FRNM.SI,2163.235,1833.501,14.61,3.36,Food & Beverages,79
Fabchem China,BFT,FBCH.SI,17.55,27.078,,,Chemicals,68
Falcon Energy,5FL,FEGL.SI,22.777,39.56,,,Energy - Fossil Fuels,50
Far East,5TJ,FAEA.SI,11.592,54.704,,1.73,Industrial Goods,68
Far East HTrust,Q5T,FAEH.SI,1257.038,83.254,,3.13,Real Estate,99.2
Far East Orchard,O10,FARE.SI,532.917,112.215,329.58,5.13,Cyclical Consumer Services,92
Federal Int,BDU,FEDL.SI,17.314,68.142,,,Energy - Fossil Fuels,83
Figtree,5F4,FIGT.SI,22.422,8.817,,4.76,Real Estate,70
First Reit,AW9U,FRET.SI,424.467,79.619,,,Real Estate,74.9
First Resources,EB5,FRLD.SI,2360.269,877.573,17.79,2.01,Food & Beverages,94
First Sponsor,ADN,FSCA.SI,1306.058,203.936,15.56,2.73,Real Estate,86
FJ Benjamin,F10,FJBN.SI,39.491,68.194,,,Retailers,53
Food Empire,F03,FEMP.SI,500.055,362.724,13.9,2.39,Food & Beverages,42
Forise Int,8A1,FOIL.SI,4.175,2.21,,,Industrial & Commercial Services,
FortressMinerals,OAJ,FORR.SI,210,51.257,11.04,0.86,Mineral Resources,65
Fragrance,F31,FRAG.SI,779.52,111.305,464,3.02,Cyclical Consumer Services,60
Frasers Cpt Tr,J69U,FCRT.SI,4161.35,164.377,18.2,,Real Estate,76.2
Frasers HTrust,ACV,FRHO.SI,1107.492,88.573,,2.32,Real Estate,86.3
Frasers L&C Tr,BUOU,FRAE.SI,5040.166,334.558,7.97,4.84,Real Estate,92.5
Frasers Property,TQ5,FRPL.SI,4895.107,3597.007,33.02,1.2,Real Estate,87
Frencken,E28,FREN.SI,683.156,620.616,16.02,1.88,Industrial Goods,57
FSL Trust,D8DU,FSLT.SI,157.357,64.224,18.97,46.07,Transportation,81.4
Fu Yu,F13,FUYU.SI,240.958,153.442,14.24,5,Industrial Goods,84
Fuji Offset,508,FOPS.SI,16.721,,,0.9,Industrial Goods,79
Full Apex,BTY,FULL.SI,17.365,202.996,,,Applied Resources,7
Fuxing China,AWK,FXCG.SI,12.938,142.716,,,Cyclical Consumer Products,54
G Invacom,QS9,GLOB.SI,26.546,136.943,7.35,,Technology Equipment,68
G K Goh,G41,GKHS.SI,334.554,135.617,710.34,1.94,Industrial & Commercial Services,61
Gallant Venture,5IG,GLVT.SI,710.714,138.19,,,Automobiles & Auto Parts,75
GCCP,41T,GCCP.SI,21.482,,,,Mineral Resources,49
GDS Global,5VP,GDSG.SI,7.392,14.282,,4.55,Cyclical Consumer Products,63
Genting Sing,G13,GENS.SI,10884.624,1063.749,160.14,1.11,Cyclical Consumer Services,83
Geo Energy Res,RE4,GEOE.SI,256.067,407.619,2.03,4.37,Energy - Fossil Fuels,93
GHY Culture,XJB,GHYC.SI,789.237,127.095,16.31,,Cyclical Consumer Services,
GKE,595,GKEC.SI,106.49,112.344,11.03,,Transportation,67
GL,B16,GLLI.SI,1060.249,112.151,,,Cyclical Consumer Services,60
Global Dragon,586,GLOL.SI,34.099,5.23,,,Real Estate,73
Global Inv,B73,GLNV.SI,258.576,18.766,16.99,5.33,Collective Investments,105
Global Palm Res,BLW,GPRL.SI,44.74,25.66,,,Food & Beverages,55
Global Testing,AYN,GTCL.SI,15.842,30.42,33.5,,Technology Equipment,52
Golden Agri-Res,E5H,GAGR.SI,2760.073,9405.098,64.21,2.23,Food & Beverages,81
Golden Energy,AUE,GOLD.SI,345.906,1544.979,32.16,,Energy - Fossil Fuels,70
Goodland,5PC,GLGP.SI,57.14,26.983,,1.03,Real Estate,54
GP Industries,G20,GPEI.SI,289.354,1076.256,,2.25,Industrial Goods,61
Grand Banks,G50,GBYL.SI,53.544,111.597,17.91,,Cyclical Consumer Products,94
Grand Venture,JLB,GRAN.SI,163.592,61.4,24.02,,Industrial Goods,64
Great Eastern,G07,GELA.SI,11335.992,21457.801,11.8,2.51,Insurance,95
Green Build,Y06,GREE.SI,4.44,,,,Industrial & Commercial Services,57
GRP,BLU,GRPS.SI,31.573,20.548,,,Real Estate,84
GS Hldg,43A,GSHO.SI,79.547,13.583,166.67,2.33,Cyclical Consumer Services,37
GSH,BDX,GSHC.SI,391.453,120.213,,1.26,Cyclical Consumer Services,70
GSS Energy,41F,GSSE.SI,30.308,106.376,5.42,,Industrial Goods,60
Guoan Intl,G11,0143.HK,387.448,168.839,,,Technology Equipment,
GuocoLand,F17,GUOC.SI,2035.402,689.355,43.96,3.49,Real Estate,104
GYP Properties,AWS,GYPP.SI,31.721,46.506,,,Real Estate,60
Hafary,5VS,HFRY.SI,68.457,84.315,12.87,6.29,Cyclical Consumer Products,70
Hai Leck,BLH,HLHL.SI,114.327,111.978,11.37,1.8,Energy - Fossil Fuels,65
Halcyon Agri,5VJ,HALC.SI,438.628,2270.635,,,Automobiles & Auto Parts,88
Hanwell,DM0,HANW.SI,256.949,471.385,11.19,1.11,Applied Resources,73
Hatten Land,PH0,HATT.SI,49.45,-3.896,,0.1,Real Estate,58
Haw Par,H02,HPAR.SI,2982.533,111.032,24.9,2.23,Pharmaceuticals & Medical Research,89
HC Surgical,1B1,HCSU.SI,70.399,17.934,11.05,5.16,Healthcare Services,64
HealthBank,40B,HEAL.SI,6.006,0,3.2,,Cyclical Consumer Services,46
Healthway Med,5NG,HEMC.SI,158.508,97.433,48.61,,Healthcare Services,67
Heatec Jietong,5OR,HTJT.SI,3.566,,,,Cyclical Consumer Products,83
Heeton,5DP,HEET.SI,94.621,,,1.55,Real Estate,53
Hengyang Petro,5PD,HNYG.SI,31.74,0,28.08,,Energy - Fossil Fuels,59
HG Metal,BTG,HGMM.SI,37.224,91.693,35.36,,Mineral Resources,68
HGH,5GZ,HGHH.SI,16.028,,,,Technology Equipment,54
Hi-P,H17,HIPI.SI,,,,,Industrial Goods,69
Hiap Hoe,5JK,HIAP.SI,308.462,79.552,,2.31,Real Estate,74
Hiap Seng,510,HSEN.SI,6.031,118.445,,,Energy - Fossil Fuels,62
Hiap Tong,5PO,HTCL.SI,18.792,47.931,,,Banking & Investment Services,59
HL Global Ent,AVX,HLGE.SI,30.053,,,,Cyclical Consumer Services,79
Ho Bee Land,H13,HBEE.SI,1899.013,215.681,13.58,2.96,Real Estate,76
Hock Lian Seng,J2T,HLSG.SI,125.465,60.238,29.63,1.02,Industrial & Commercial Services,68
Hoe Leong,H20,HLEC.SI,11.29,43.683,,,Industrial Goods,64
Hong Fok,H30,HONG.SI,792.257,80.399,,1.1,Real Estate,102
Hong Lai Huat,CTO,HONL.SI,47.642,7.964,,,Real Estate,66
Hong Leong Asia,H22,HLAA.SI,676.774,4496.207,14.96,1.1,Automobiles & Auto Parts,98
Hong Leong Fin,S41,HLSF.SI,1118.95,310.785,17.51,3.6,Banking & Investment Services,99
HongkongLand USD,H78,HKLD.SI,11716.319,2094.2,,4.38,Real Estate,
Hor Kew,BBP,HKEW.SI,12.756,,,,Industrial & Commercial Services,42
Hosen,5EV,HSNG.SI,29.646,71.523,9.23,2.41,Food & Drug Retailing,59
Hotel Grand,H18,HGCS.SI,784.658,,,3.7,Cyclical Consumer Services,56
Hotel Royal,H12,HTRS.SI,297.36,30.618,,0.85,Cyclical Consumer Services,92
Hotung Inv,BLS,HOTU.SI,197.809,47.724,7.38,6.35,Banking & Investment Services,39
HPH Trust SGD,P7VU,,,,,,,
HPH Trust USD,NS8U,HPHT.SI,2090.664,1379.405,19.52,6.56,Transportation,73.9
HPL,H15,HPPS.SI,1783.497,258.76,,1.17,Cyclical Consumer Services,47
HRnetGroup,CHZ,HRNE.SI,677.643,433.041,14.35,4.18,Industrial & Commercial Services,80
HS Optimus,504,HSOP.SI,26.903,21.656,,,Cyclical Consumer Products,66
Hu An Cable,KI3,HACH.SI,8.508,207.43,,,Industrial Goods,53
Huationg Global,41B,HUAT.SI,12.868,,,,Industrial & Commercial Services,76
Hwa Hong,H19,HWHS.SI,196.051,10.311,41.84,3.33,Real Estate,74
Hyflux,600,HYFL.SI,174.851,150.18,,,Utilities,38
Hyphens Pharma,1J5,HYPH.SI,94.635,123.698,15.35,1.97,Pharmaceuticals & Medical Research,56
ICP Ltd,5I4,ICPL.SI,28.005,4.656,,,Real Estate,44
IFAST,AIY,IFAS.SI,1837.143,169.926,82.09,0.54,,80
IFS Capital,I49,IFAC.SI,72.562,41.179,91.47,1.04,Banking & Investment Services,73
IHH,Q0F,IHHH.KL,47231.414,13404.604,237.63,0.74,Healthcare Services,
Imperium Crown,5HT,IMPE.SI,11.06,2.223,,,Real Estate,75
Inch Kenneth,I4R,IKEN.KL,208.271,10.061,,2.14,Cyclical Consumer Services,
Incredible,RDR,INCR.SI,17.961,3.258,,,Technology Equipment,76
Indofood Agri,5JS,IFAR.SI,434.335,1326.939,242.33,,Food & Beverages,74
Informatics,BOU,INFO.SI,4.966,7.508,,,Personal & Household Products & Services,56
InnoPac,I26,INPS.SI,8.67,-0.005,,,Real Estate,37
InnoTek,M14,INTK.SI,234.324,183.192,15.63,2.11,Technology Equipment,75
Interra Resource,5GI,INTR.SI,20.976,14.346,,,Energy - Fossil Fuels,65
Intl Cement,KUO,INTN.SI,309.676,141.626,35.06,,Mineral Resources,
Intraco,I06,ITRS.SI,26.45,135.942,,,Industrial & Commercial Services,86
IPC Corp,AZA,IPCC.SI,17.485,5.412,,,Cyclical Consumer Services,61
IPS Securex,42N,IPSS.SI,37.422,14.472,32.08,,Technology Equipment,76
IREIT Global,UD1U,IREI.SI,610.326,60.474,14.29,7.32,Real Estate,76
ISDN,I07,ISDN.SI,269.909,361.864,17.65,1.29,Industrial Goods,91
ISEC,40T,ISEC.SI,173.466,36.327,36.71,2.54,Healthcare Services,79
Isetan,I15,ISET.SI,176.962,77.16,,1.17,Retailers,73
ISOTeam,5WF,ISOT.SI,49.816,64.633,,2.94,Industrial & Commercial Services,76
IX Biopharma,42C,IXBI.SI,170.729,1.521,,,Pharmaceuticals & Medical Research,61
Jackspeed,J17,JACK.SI,39.464,0,,,Automobiles & Auto Parts,67
Jadason,J03,JADA.SI,21.782,41.086,,,Technology Equipment,56
Japan Foods,5OI,JPFD.SI,68.902,50.827,,2.53,Cyclical Consumer Services,82
Japfa,UD2,JAPF.SI,1891.692,5140.146,4.34,1.09,Food & Beverages,82
Jardine C&C,C07,JCYC.SI,9280.148,17585.605,12.92,2.44,Automobiles & Auto Parts,91
Jason Marine,5PF,JMGL.SI,14.84,28.182,7.45,3.57,Technology Equipment,70
Jasper Inv,FQ7,JASP.SI,21.771,-0.025,,,Energy - Fossil Fuels,41
Jawala,1J7,JAWA.SI,22.51,,,,Applied Resources,59
JB Foods,BEW,JBFO.SI,194.048,555.112,7.53,3.59,Food & Beverages,75
JEP,1J4,JEPH.SI,82.789,73.284,377.36,,Industrial Goods,46
JES Intl,EG0,JSIH.SI,30.962,0,,,Industrial Goods,12
Jiutian Chemical,C8R,JUTN.SI,194.868,234.398,5.06,,Chemicals,54
JMH USD,J36,JARD.SI,46512.691,32647,,2.66,Consumer Goods Conglomerates,
Joyas Intl,E9L,JIHL.SI,8.855,0.315,,,Cyclical Consumer Products,47
Jubilee,NHD,JLJH.SI,10.788,113.343,,,Industrial Goods,59
Jumbo,42R,JUMB.SI,231.378,97.573,,3.33,Cyclical Consumer Services,74
Karin Tech,K29,KARI.SI,67.649,288.292,72.41,4.1,Technology Equipment,80
Katrina,1A0,KATR.SI,25.467,,,,Cyclical Consumer Services,51
Kencana Agri,BNE,KCAL.SI,40.182,138.573,7.52,,Food & Beverages,67
Keong Hong,5TT,KEHO.SI,83.685,82.942,,,Industrial & Commercial Services,57
Kep Infra Tr,A7RU,KEPL.SI,2745.048,1551.9,,6.76,Utilities,79.5
KepPacOakReitUSD,CMOU,KPEL.SI,699.496,139.59,12.34,8.42,Real Estate,91.5
Keppel Corp,BN4,KPLM.SI,9922.04,6574.342,,1.83,Consumer Goods Conglomerates,122
Keppel DC Reit,AJBU,KEPE.SI,4394.01,265.571,26.12,3.07,Real Estate,88.3
Keppel Reit,K71U,KASA.SI,4432.023,170.223,,,Real Estate,81.9
Khong Guan,K03,KHON.SI,37.428,63.861,31.68,1.38,Food & Beverages,55
KimHeng Offshore,5G2,KIMH.SI,26.27,37.643,,,Energy - Fossil Fuels,65
Kimly,1D0,KIML.SI,371.314,210.773,14.24,3.61,Cyclical Consumer Services,67
King Wan,554,KIWC.SI,10.475,,,,Industrial & Commercial Services,71
KingsmenCreative,5MZ,KMEN.SI,60.584,286.958,,,Industrial & Commercial Services,54
Kitchen Culture,5TI,KCHL.SI,33.549,12.743,,,Retailers,71
Koda,BJZ,KODA.SI,51.441,87.236,7.6,1.61,Cyclical Consumer Products,92
Koh Bros,K75,KBRO.SI,77.964,243.066,,,Industrial & Commercial Services,60
Koh Eco,5HV,KBEE.SI,133.926,182.264,,,Industrial & Commercial Services,55
Koon,5DL,KOON.SI,11.161,89.27,,,Industrial & Commercial Services,
KOP,5I1,KOPL.SI,44.318,8.824,,,Cyclical Consumer Services,86
Kori,5VC,KORI.SI,15.475,14.74,35.14,,Industrial & Commercial Services,74
Koufu,VL6,KOUF.SI,371.959,192.375,37.62,1.79,Cyclical Consumer Services,74
Koyo Intl,5OC,KOYO.SI,11.767,,,1.67,Industrial & Commercial Services,55
KrisEnergy,SK3,KRIS.SI,45.041,60.314,,,Energy - Fossil Fuels,78
KS Energy,578,KSTL.SI,17.148,39.982,,,Energy - Fossil Fuels,49
KSH,ER0,KSHH.SI,216.5,134.064,348.62,5.79,Industrial & Commercial Services,74
KTL Global,EB7,KTLG.SI,22.413,3.975,,,Cyclical Consumer Services,57
KTMG,XCF,KTMG.SI,33.936,70.996,10.9,,Cyclical Consumer Products,55
Lasseters Intl,5EL,LASS.SI,25.309,37.507,,,Cyclical Consumer Services,54
Leader Env,LS9,LETL.SI,200.373,2.809,,,Industrial & Commercial Services,52
Lendlease Reit,JYEU,LEND.SI,950.702,75.737,33.33,4.57,Real Estate,
Ley Choon,Q0X,LEYC.SI,17.772,74.245,,,Industrial & Commercial Services,84
LHN,41O,LHNL.SI,79.684,134.213,3.3,6.31,Real Estate,76
LHT,BEI,LHTH.SI,34.875,,,4.58,Applied Resources,80
Lian Beng,L03,LIBG.SI,267.529,442.103,9.13,1.98,Industrial & Commercial Services,65
Libra,5TR,LIGL.SI,7.572,37.191,,,Industrial & Commercial Services,70
LifeBrandz,1D3,LIFE.SI,10.302,0.719,,,Cyclical Consumer Services,55
Lion Asiapac,BAZ,LIAS.SI,38.525,16.655,51.91,,Mineral Resources,56
Lippo Malls Tr,D5IU,LMRT.SI,552.48,148.535,,4.76,Real Estate,90.5
Livingstone,PRH,LIVI.SI,62.558,0.343,,,Healthcare Services,
Lonza,O6Z,LONN.S,40987.602,4508,56.31,0.55,Pharmaceuticals & Medical Research,
Lorenzo Intl,5IE,LRZI.SI,6.605,24.645,,,Retailers,50
Low Keng Huat,F1E,LKH.SI,369.408,52.324,5.78,5,Industrial & Commercial Services,65
Lum Chang,L19,LUCS.SI,150.162,265.843,,4.49,Industrial & Commercial Services,65
Lung Kee Bermuda,L09,0255.HK,2210.871,2064.882,12.21,8,Industrial Goods,
Luxking,BKK,LUKG.SI,3.795,85.837,2.69,,Chemicals,59
LY Corp,1H8,LYCO.SI,84.622,80.869,36.55,0.48,Cyclical Consumer Products,74
M Development,N14,MDVT.SI,3.759,0.04,,,Mineral Resources,25
Magnus Energy,41S,MAGN.SI,12.639,12.665,,,Energy - Fossil Fuels,58
Man Oriental USD,M04,MOIL.SI,2362.238,183.7,,1.6,Cyclical Consumer Services,
Manhattan Res,L02,MANH.SI,98.555,9.182,4.65,,Utilities,51
ManulifeReit USD,BTOU,MANU.SI,1177.829,194.312,,7.62,Real Estate,93.8
Mapletree Com Tr,N2IU,MACT.SI,7030.353,477.327,281.17,3,Real Estate,67.7
Mapletree Ind Tr,ME8U,MAPI.SI,6536.22,427.942,16.43,3.68,Real Estate,81.2
Mapletree Log Tr,M44U,MAPL.SI,8480.747,532.184,19.93,3.89,Real Estate,85.2
Mapletree NAC Tr,RW0U,MAPE.SI,3777.771,334.183,,5.56,Real Estate,90.2
MarcoPolo Marine,5LY,MAPM.SI,70.536,30.849,,,Transportation,42
Maruwa Yen1k,M12,5344.T,145494.719,40990.277,21.06,0.46,Technology Equipment,
Mary Chia,5OX,MARY.SI,32.016,6.786,,,Personal & Household Products & Services,65
Matex Intl,M15,MATE.SI,10.598,,,,Chemicals,75
Maxi-Cash Fin,5UF,MAXI.SI,188.416,,,18.96,Banking & Investment Services,71
MC Payment,TVV,MCPA.SI,96.648,,,,Industrial & Commercial Services,
MDR Limited,Y3D,MDRT.SI,72.566,192.797,,3.88,Retailers,
Medi Lifestyle,5TN,MEDL.SI,13.845,0.201,,,Healthcare Services,79
Medinex,OTX,MEDN.SI,26.898,,,4.1,Industrial & Commercial Services,84
Medtecs Intl,546,MTCS.SI,565.894,531.955,3.23,6.48,Healthcare Services,55
MegaChem,5DS,MEGA.SI,59.985,105.239,11.7,3.33,Chemicals,83
MeGroup,SJY,MEGR.SI,20.319,61.105,2287.81,0.33,Automobiles & Auto Parts,68
Memiontec,SYM,MEMI.SI,44.051,34.606,33.22,0.93,Utilities,
Memories,1H4,MEMO.SI,12.052,12.634,,,Cyclical Consumer Services,
Mencast,5NF,MCHL.SI,12.806,46.872,2.1,,Energy - Fossil Fuels,61
Mercurius,5RF,MERC.SI,77.842,0,,,Real Estate,51
Mermaid Maritime,DU4,MMPC.SI,96.106,111.326,,,Energy - Fossil Fuels,83
Metal Component,5DX,META.SI,12.346,,,,Mineral Resources,56
Metech Intl,V3M,METE.SI,9.504,2.548,,,Industrial & Commercial Services,39
Metro,M01,MTHL.SI,644.45,118.25,20.66,2.58,Retailers,75
Mewah Intl,MV4,MEWI.SI,637.784,4578.85,5.55,1.76,Food & Beverages,78
MFG Integration,M11,MITD.SI,14.887,10.004,,303.23,Technology Equipment,74
Micro-Mechanics,5DD,MMEC.SI,469.928,69.484,27.79,3.25,Technology Equipment,110
Midas,5EN,MIDA.SI,358.413,,,,Mineral Resources,9
MindChamps,CNE,MIND.SI,73.688,51.8,23.23,,Personal & Household Products & Services,74
Mirach Energy,AWO,MIEL.SI,1.621,0.862,,,Food & Beverages,50
Miyoshi,M03,MIYO.SI,21.443,43.3,,,Technology Equipment,90
MM2 Asia,1B0,MM2A.SI,130.234,138.25,,,Cyclical Consumer Services,79
MoneyMax Fin,5WJ,MFSL.SI,95.526,197.147,4.69,4.37,Retailers,65
Moya Asia,5WE,MOYA.SI,285.844,240.123,8.17,,Industrial & Commercial Services,78
MS Hldgs,40U,MSHO.SI,6.3,10.442,,,Industrial & Commercial Services,62
MSC,NPW,MSCB.KL,904,813.359,56.14,0.88,Mineral Resources,
MSM Intl,5QR,MSML.SI,2.951,21.511,,,Industrial Goods,57
MTQ,M05,MTLS.SI,47.594,65.875,5.18,3.41,Energy - Fossil Fuels,72
Multi-Chem,AWZ,MCHE.SI,138.746,479.714,7.8,4.29,Technology Equipment,73
Mun Siong Engg,MF6,MSEL.SI,27.914,46.929,,0.83,Industrial & Commercial Services,76
Murata Yen1k,PJX,,,,,,,
MYP,F86,MYPL.SI,143.322,21.664,750,,Real Estate,67
Nam Cheong,N4E,NMCG.SI,31.294,120.279,,,Industrial Goods,66
Nam Lee Metal,G0I,NLPM.SI,79.217,118.583,12.34,3.08,Cyclical Consumer Products,45
Nanofilm,MZH,NANO.SI,3619.095,,,,Chemicals,
Natural Cool,5IF,NCHL.SI,12.522,,,3,Industrial & Commercial Services,81
NauticAWT,42D,NAUT.SI,11.119,7.88,,,Cyclical Consumer Services,54
Neo,5UJ,NEOG.SI,87.674,182.82,4.97,1.96,Cyclical Consumer Services,82
NeraTel,N01,NERA.SI,70.208,131.118,18.67,2.58,Technology Equipment,88
Net Pacific Fin,5QY,NPFH.SI,13.141,,,,Banking & Investment Services,55
NetLink NBN Tr,CJLU,NETL.SI,3741.092,365.544,47.5,5.27,Telecommunications Services,98.9
New Silkroutes,BMT,NEWS.SI,36.448,245.29,,,Healthcare Services,52
New Toyo,N08,NTYO.SI,90.082,242.894,11.86,5.12,Applied Resources,79
New Wave,5FX,NEWW.SI,13.82,14.607,,,Mineral Resources,61
NGSC,B07,NGSC.SI,6.449,0,,,Telecommunications Services,40
Nico Steel,5GF,NICO.SI,4.962,20.077,,,Mineral Resources,63
Nippecraft,N32,NIPP.SI,13.705,190.082,117.4,,Applied Resources,70
No Signboard,1G6,NOSI.SI,14.797,10.105,,,Cyclical Consumer Services,58
Noble,CGP,NOBG.SI,50.191,4665.504,,,Industrial & Commercial Services,8
Noel Gifts Intl,543,NOEL.SI,20.495,18.421,11.16,1,Retailers,55
Nomura Yen1k,N33,8604.T,1864148.875,1759012,6.62,4.34,Banking & Investment Services,
Nordic,MR7,NRGL.SI,100,80.794,17.79,2.2,Industrial & Commercial Services,78
NSL,N02,NATS.SI,343.673,247.106,,5.43,Mineral Resources,48
Ntegrator Intl,5HC,NTOR.SI,20.247,23.102,,,Software & IT Services,58
NutryFarm,AZT,NUTR.SI,44.438,7.562,,,Software & IT Services,50
OCBC Bank,O39,OCBC.SI,53356.637,9143,14.89,2.67,Banking & Investment Services,114
Ocean Sky Intl,1B6,OCEA.SI,21.099,23.954,,,Industrial & Commercial Services,66
Oceanus,579,OCGL.SI,947.58,91.622,108.35,,Food & Beverages,52
OEL,584,OELH.SI,14.007,0.683,,,Real Estate,63
OIO,KUX,OIOH.SI,23.616,1.468,,,Industrial & Commercial Services,
OKH Global,S3N,OKHG.SI,22.573,15.138,,,Industrial & Commercial Services,62
OKP,5CF,OKPH.SI,58.91,69.627,17.83,3.66,Industrial & Commercial Services,75
Olam Intl,O32,OLAM.SI,5724.283,35820.043,30.04,4.29,Food & Beverages,95
Old Chang Kee,5ML,OCKL.SI,83.749,81.605,15.43,1.45,Cyclical Consumer Services,74
Olive Tree,1H2,OLIV.SI,7.367,3.804,,,Real Estate,61
OneApex,5SY,ONEA.SI,12.675,1.142,,,Real Estate,57
Ossia Intl,O08,OSSA.SI,29.052,24.59,10.83,7.83,Retailers,35
OUE,LJ3,OVES.SI,1389.339,530.455,,0.68,Real Estate,64
OUE Com Reit,TS0U,OUEC.SI,2255.191,292.007,,5.03,Real Estate,92.9
OUE Lippo HC,5WA,OUEL.SI,182.168,19.98,,,Healthcare Services,79
Ouhua Energy,AJ2,OUEH.SI,17.631,,,,Energy - Fossil Fuels,44
Overseas Edu,RQ1,OVER.SI,122.532,79.055,11.9,7.8,Academic & Educational Services,64
Oxley,5UX,OXHL.SI,1108.643,1384.268,,1.92,Real Estate,65
P5 Capital,5AI,P5CA.SI,25.512,4.958,,,Cyclical Consumer Products,48
Pacific Andes,P11,PACF.SI,179.625,1104.139,,,Food & Beverages,50
Pacific Century,P15,PCEN.SI,1033.399,23.6,,7.62,Holding Companies,69
Pacific Radiance,T8V,PACI.SI,73.78,84.405,,,Energy - Fossil Fuels,71
Pacific Star Dev,1C5,PACS.SI,21.6,3.984,,,Real Estate,63
Pan Asian,5EW,PANA.SI,7.283,22.927,,5.29,Utilities,47
Pan Hong,P36,PANH.SI,78.347,249.437,1.66,9.93,Real Estate,60
Pan Ocean,AZY,PANOx.SI,4145.237,2969.913,25.16,0.98,Transportation,27
PanUnited,P52,PANU.SI,238.679,405.024,231.29,2.35,Mineral Resources,61
Parkson Retail,O9E,PRAL.SI,10.16,198.051,,,Retailers,79
ParkwayLife Reit,C2PU,PWLR.SI,2504.71,120.892,28.72,,Real Estate,80.3
Pavillon,596,PAVI.SI,10.469,,,,Cyclical Consumer Services,42
PEC,IX2,PECL.SI,118.907,378.448,,1.08,Energy - Fossil Fuels,58
Penguin Intl,BTM,PGUN.SI,143.11,119.417,10.84,2.69,Transportation,84
Pharmesis Intl,BFK,PHAR.SI,4.945,9.634,,,Pharmaceuticals & Medical Research,45
Pine Cap,ADJ,PINC.SI,6.444,0.63,,,Banking & Investment Services,11
Plastoform,AYD,PFML.SI,0.506,0.773,,,Technology Equipment,41
PlatoCapital,YYN,PLAT.SI,9.248,,,,Software & IT Services,
PNE Industries,BDA,PNEI.SI,82.658,85.844,13.34,5.08,Industrial Goods,36
Polaris,5BI,POLA.SI,68.213,32.91,400,,Retailers,58
Pollux Prop,5AE,PLPS.SI,129.695,,,,Real Estate,55
Powermatic Data,BCY,PMDS.SI,95.235,22.53,12.07,,Technology Equipment,52
Prime US ReitUSD,OXMU,PRIE.SI,901.371,143.557,37.91,8.16,Real Estate,83.4
Procurri,BVQ,PROC.SI,105.926,233.467,38.96,,Software & IT Services,59
Progen,583,POGN.SI,17.964,,,,Industrial & Commercial Services,60
PropNex,OYY,PROP.SI,392.2,515.634,13.48,5.19,Real Estate,72
Prudential USD,K6S,PRU.L,39194.816,40164.547,25.61,0.79,Insurance,
PSL,BLL,PSLL.SI,8.242,7.851,,,Industrial & Commercial Services,61
Q&M Dental,QC7,QMDT.SI,495.006,137.62,24.57,1.46,Healthcare Services,73
QAF,Q01,QAFS.SI,586.774,561.785,13.95,4.9,Food & Beverages,75
Qian Hu,BCV,QIAN.SI,23.841,75.233,,0.95,Food & Beverages,103
QT Vascular,5I0,QTVA.SI,13.437,,,,Healthcare Services,59
Raffles Edu,NR7,RLSE.SI,226.059,96.785,18.45,,Academic & Educational Services,38
Raffles Infrastructure,LUY,RAFL.SI,19.029,42.57,2.64,,Industrial & Commercial Services,56
Raffles Medical,BSL,RAFG.SI,2147.52,568.203,32.21,2.17,Healthcare Services,66
RE&S Hldg,1G1,RESH.SI,56.286,108.191,9.34,3.14,Cyclical Consumer Services,73
Reclaims Global,NEX,RECL.SI,31.44,24.722,14.49,1.58,Industrial & Commercial Services,75
Reenova Investment,5EC,REEN.SI,20.233,0,,,Banking & Investment Services,66
Regal Intl,UV1,REGI.SI,25.865,26.544,24.48,,Real Estate,49
Renaissance United,I11,RENA.SI,12.362,66.767,7.41,,Utilities,64
Resources Gbl,QSD,RESU.SI,18.9,73.247,6.01,,Energy - Fossil Fuels,
Resources Prima,5MM,RESO.SI,46.067,0,,,Energy - Fossil Fuels,61
Revez,RCU,REVE.SI,42.712,6.623,432.2,,Software & IT Services,
Rex Intl,5WH,REXI.SI,238.107,62.007,,,Energy - Fossil Fuels,88
RH PetroGas,T13,RHPG.SI,19.091,,,,Energy - Fossil Fuels,71
RHT HealthTrust,RF1U,RHTH.SI,15.246,0,,,Real Estate,46.2
Rich Capital,5G4,RICH.SI,21.484,0,,,Mineral Resources,56
Riverstone,AP4,RVHL.SI,2019.47,591.186,9.64,4.34,Healthcare Services,73
Roxy-Pacific,E8Z,RXYP.SI,466.081,198.431,,3.07,Real Estate,88
Ryobi Kiso,BDN,RKHL.SI,38.423,146.908,,,Industrial & Commercial Services,66
Sabana Reit,M1GU,SABA.SI,442.295,71.701,,5.45,Real Estate,71.5
Sakae,5DO,SAKA.SI,20.448,23.88,12.85,,Cyclical Consumer Services,46
Samko Timber,E6R,SAMT.SI,83.469,,,,Applied Resources,67
SamuderaShipping,S56,SAMU.SI,169.826,,,2.38,Transportation,76
Samurai,1C3,SAMR.SI,105.524,25.445,34.19,1.56,Chemicals,75
Sanli Env,1E3,SANL.SI,16.388,65.856,42.96,0.98,Industrial & Commercial Services,79
Santak,580,SATK.SI,6.455,12.634,,,Industrial Goods,49
Sapphire,BRD,SAPP.SI,41.574,225.551,5.26,,Industrial & Commercial Services,64
Sarine Tech,U77,SARI.SI,210.435,54.438,66.24,0.9,Industrial Goods,53
Sasseur Reit,CRPU,SASS.SI,1100.565,125.248,23.23,8.51,Real Estate,83.7
SATS,S58,SATS.SI,4676.074,1419.216,,1.44,Transportation,131
SBI Offshore,5PL,SBIO.SI,9.488,0,,,Energy - Fossil Fuels,68
SBS Transit,S61,SBVV.SI,988.612,1230.947,12.52,1.99,Transportation,106
Second Chance,528,SECD.SI,203.015,26.851,34.44,1.67,Retailers,66
Secura,43B,SECU.SI,35.6,33.916,11.96,4.49,Industrial & Commercial Services,59
Sembcorp Ind,U96,SCIL.SI,3932.605,5447,28.07,1.82,Utilities,118
Sembcorp Marine,S51,SCMN.SI,2573.907,1510.28,,,Industrial Goods,94
Sen Yue,5BS,SENY.SI,21.654,,,,Mineral Resources,58
Serial System,S69,SERL.SI,80.615,971.884,223.26,1.24,Industrial Goods,84
Seroja Inv,IW5,SERO.SI,30.841,0,,,Transportation,56
SEVAK,BAI,SEVA.SI,33.452,264.036,,,Telecommunications Services,65
SGX,S68,SGXL.SI,11220.096,1095.005,22.59,3.01,Banking & Investment Services,121
Shanghai Turbo,AWM,SHTU.SI,17.855,7.009,,,Industrial Goods,49
Shangri-La HKD,S07,0069.HK,27751.965,8020.665,,,Cyclical Consumer Services,
Shen Yao,A78,SHEY.SI,163.531,87.18,17.86,,Mineral Resources,45
Sheng Siong,OV8,SHEN.SI,2330.482,1393.998,16.81,4.19,Food & Drug Retailing,67
Shinvest,BJW,SHIN.SI,71.773,12.569,2.07,1.25,Industrial Goods,42
Shopper360,1F0,SHOP.SI,12.241,48.934,13.21,,Cyclical Consumer Services,72
SHS,566,SEEH.SI,113.702,35.146,,,Industrial & Commercial Services,61
SIA,C6L,SIAL.SI,15125.921,9285.8,,1.11,Transportation,94
SIA Engineering,S59,SIAE.SI,2585.468,704.446,29.65,3.48,Transportation,97
SIIC Environment,BHK,SIIC.SI,553.768,1278.462,4.31,4.65,Utilities,66
Silkroad Nickel,STP,SILK.SI,112.322,0.631,,,Mineral Resources,74
Silverlake Axis,5CP,SLVX.SI,674.118,199.202,13.19,3.72,Software & IT Services,79
Sim Leisure,URR,SIMI.SI,31.006,3.181,11.29,,Cyclical Consumer Services,71
Sin Ghee Huat,B7K,SGHC.SI,47.73,29.335,,,Mineral Resources,55
Sin Heng Mach,BKA,SIHM.SI,43.083,53.356,35.75,1.33,Industrial Goods,64
Sinarmas Land,A26,SINA.SI,1296.556,910.476,11.88,0.32,Real Estate,84
Sincap,5UN,SINC.SI,10.206,5.021,,,Energy - Fossil Fuels,39
Sing Inv & Fin,S35,SINV.SI,228.558,83.313,11.66,2.48,Banking & Investment Services,97
Sing Paincare,FRQ,SINR.SI,35.565,,,3.54,Healthcare Services,
Singapore O&G,1D8,SINP.SI,128.917,39.889,13.57,6.3,Healthcare Services,94
SingaporeKitchen,5WG,SING.SI,10.85,22.211,86.42,,Cyclical Consumer Products,75
SingHaiyi,5H0,SIHL.SI,292.293,94.788,862.5,,Real Estate,73
SingHoldings,5IC,SHDS.SI,160.398,173.102,9.69,2.5,Real Estate,73
SingMedical,5OT,SMGL.SI,159.397,87.34,18.26,1.21,Healthcare Services,65
SingMyanmar,Y45,SINO.SI,4.822,13.539,,,Transportation,62
SingPost,S08,SPOS.SI,1763.194,1375.916,48.8,2.84,Transportation,111
SingReinsurance,S49,SPRS.SI,208.711,134.227,40.84,2,Insurance,67
SingShipping,S19,SSHP.SI,105.997,59.521,7.79,3.77,Industrial Goods,73
Singtel,Z74,STEL.SI,41782.027,15702.1,24.8,4.17,Telecommunications Services,128
Singtel 10,Z77,,,,,,,
Sinjia Land,5HH,SINJ.SI,4.801,,,,Cyclical Consumer Services,73
Sino Grandness,T4B,SOGF.SI,22.988,600.073,0.46,,Food & Beverages,42
SinoCloud,5EK,SINL.SI,15.878,3.537,,,Software & IT Services,49
Sinopipe,X06,SPHL.SI,39.274,0,,,Cyclical Consumer Products,36
Sinostar Pec,C9Q,SNSR.SI,110.72,650.758,3.41,,Energy - Fossil Fuels,68
Sitra,5LE,SITR.SI,18.424,,,,Applied Resources,59
SLB Dev,1J0,SLBD.SI,100.43,45.362,9.24,,Real Estate,61
Soilbuild Const,S7P,SOIL.SI,47.109,148.937,,8.93,Industrial & Commercial Services,72
Soon Lian,5MD,SNLN.SI,8.64,,,,Mineral Resources,66
Soup Restaurant,5KI,SRGL.SI,28.955,31.108,36.74,2.06,Cyclical Consumer Services,66
Southern Pkg,BQP,SOUT.SI,35.16,,,0.5,Applied Resources,71
SouthernAlliance,QNS,SOUH.SI,317.85,,,0.92,Mineral Resources,
SP Corp,AWE,SPPS.SI,22.463,29.432,16.1,,Industrial & Commercial Services,80
Spackman,40E,SPAC.SI,11.695,,,,Cyclical Consumer Services,78
SPH,T39,SPRM.SI,2849.156,811.363,,2.25,Cyclical Consumer Services,112
SPHREIT,SK6U,SPHR.SI,2431.447,248.016,,3.36,Real Estate,78.6
Spindex Ind,564,SNEX.SI,138.438,167.773,8.92,2.33,Industrial Goods,53
Spura Finance,S23,SBDS.SI,137.263,31.438,28.79,1.73,Banking & Investment Services,88
Sri Trang Agro,NC2,STA.BK,71808,75478.742,7.53,4.81,Automobiles & Auto Parts,61
ST Engineering,S63,STEG.SI,12458.756,7158.286,23.98,3.76,Industrial Goods,97
ST Group Food,DRX,STGR.SI,31.98,36.949,,1.19,Cyclical Consumer Services,53
Stamford Land,H07,SFLD.SI,332.759,140.262,28.91,1.18,Cyclical Consumer Services,78
Stamford Tyres,S29,STAS.SI,45.578,187.385,,2.6,Automobiles & Auto Parts,76
Starburst,40D,STAB.SI,51.114,,,5.08,Industrial & Commercial Services,55
StarhillGbl Reit,P40U,STHL.SI,1260.063,172.475,,3.78,Real Estate,78
StarHub,CC3,STAR.SI,2355.045,2028.8,15.98,3.68,Telecommunications Services,93
Starland,5UA,STHO.SI,12.447,,,34.88,Real Estate,69
Straco,S85,STRA.SI,495.29,29.557,,1.75,Cyclical Consumer Services,54
Straits Trading,S20,STCM.SI,1163.073,386.687,22.53,2.11,Mineral Resources,65
SunMoonFood,AAJ,SMFC.SI,24.324,26.117,,,Food & Beverages,55
Sunningdale Tech,BHQ,,,,,,,77
Sunpower,5GD,SUNP.SI,700.204,829.987,,0.28,Industrial Goods,47
Sunright,S71,SNRT.SI,58.333,108.944,21.21,0.63,Technology Equipment,51
Sunrise Shares,581,SUNR.SI,8.373,,,,Real Estate,74
Suntar Eco-City,BKZ,SECL.SI,43.932,4.541,433.86,,Pharmaceuticals & Medical Research,35
Suntec Reit,T82U,SUNT.SI,4426.77,315.39,,4.09,Real Estate,85.3
SUTL Enterprise,BHU,SUTL.SI,44.96,16.149,14.1,3.85,Cyclical Consumer Services,68
Swiber,BGK,SWBR.SI,49.32,1142.016,,,Energy - Fossil Fuels,35
Swing Media Tech,BEV,SWMT.SI,25.186,194.738,,,Technology Equipment,50
Swissco Hldg,ADP,SWCO.SI,35.363,47.001,,,Energy - Fossil Fuels,22
Sysma,5UO,SYSM.SI,34.191,40.594,13.85,7.63,Industrial & Commercial Services,54
TA,PA3,TACO.SI,40.927,161.984,,,Real Estate,64
Tai Sin Electric,500,TAIS.SI,159.731,246.015,8.05,4.35,Industrial Goods,60
TalkMed,5G3,TALK.SI,567.609,62.136,25.01,3.14,Healthcare Services,69
Tat Seng Pkg,T12,TASE.SI,124.974,,,2.52,Applied Resources,45
TCIL HK$,T15,0693.HK,4127.284,12319.495,433.4,1.95,Retailers,
Tech Oil & Gas,5CQ,TECH.SI,16.421,65.026,,,Energy - Fossil Fuels,24
TEE Intl,M1Z,TEEI.SI,25.926,224.553,,,Industrial & Commercial Services,69
Teho Intl,5OQ,TEHO.SI,10.123,63.714,4.39,,Industrial Goods,64
TeleChoice Intl,T41,TCIN.SI,81.796,213.474,,2.78,Technology Equipment,66
ThaiBev,Y92,TBEV.SI,17959.91,10609.56,18.63,2.56,Food & Beverages,64
Thakral,AWI,THAK.SI,57.579,90.121,8.82,6.82,Real Estate,84
The Place Hldg,E27,THEP.SI,852.695,1.131,1208.33,,Cyclical Consumer Services,75
TheHourGlass,AGS,HRGS.SI,662.711,658.194,9.34,3.19,Retailers,71
Thomson Medical,A50,THOS.SI,2934.953,214.62,,,Healthcare Services,63
Tianjin ZX USD,T14,TIAN.SI,1875.647,1016.244,6.76,,Pharmaceuticals & Medical Research,65
TIH,T55,TIHL.SI,67.672,-1.422,,3.57,Collective Investments,55
Tiong Seng,BFI,TISE.SI,77.676,235.938,,2.96,Industrial & Commercial Services,63
Tiong Woon,BQM,TION.SI,106.828,100.945,53.18,0.65,Industrial Goods,47
TLV,42L,TLVH.SI,36.192,,,,Retailers,76
Top Global,BHO,TPGB.SI,123.93,40.683,,,Real Estate,66
Top Glove,BVA,TPGC.KL,44313.66,14922.365,6.42,9.3,Healthcare Services,
Tosei,S2D,8923.T,53600.863,65572.789,16.72,1.73,Real Estate,
Transit Concrete,570,TMCL.SI,9.047,6.51,,,Mineral Resources,56
Travelite,BCZ,TRHL.SI,7.447,28.288,,,Retailers,56
Trek 2000 Intl,5AB,TRKL.SI,45.376,,,,Technology Equipment,42
Trendlines,42T,THET.SI,81.493,5.108,,,Banking & Investment Services,74
TrickleStar,CYW,TRIC.SI,28.376,17.075,29.88,1.75,Industrial Goods,57
Tritech,5G9,TTGL.SI,16.403,5.942,,,Industrial & Commercial Services,78
Triyards,RC5,TRIY.SI,26.777,154.417,,,Energy - Fossil Fuels,46
TSH,KUH,TSHC.SI,5.633,,,,Cyclical Consumer Services,
TT Intl,T09,TINL.SI,14.262,44.397,,,Retailers,37
TTJ,K1Q,TTJH.SI,51.8,58.464,,2.7,Industrial & Commercial Services,60
Tuan Sing,T24,TSHS.SI,449.719,196.817,7.55,1.6,Real Estate,106
Tung Lok Rest,540,TGLK.SI,39.788,62.494,,,Cyclical Consumer Services,63
Tye Soon,BFU,TYES.SI,26.616,,,,Automobiles & Auto Parts,66
UGHealthcare,8K7,UGHE.SI,378.999,250.448,5.5,0.39,Healthcare Services,
UIC,U06,UICS.SI,4040.122,671.125,44.77,1.24,Real Estate,54
UMS,558,UMSH.SI,729.544,164.438,19.89,2.57,Technology Equipment,66
Uni-Asia Grp,CHJ,UAFC.SI,48.732,61.049,,1.61,Real Estate,71
Union Gas,1F2,UNIO.SI,186.578,86.19,13.46,2.52,Utilities,72
Union Steel,BLA,UNIS.SI,17.72,60.114,,,Mineral Resources,73
United Food,AZR,UTDF.SI,3.946,3.664,,,Food & Beverages,34
United Global,43P,UNIT.SI,129.647,0.233,30.1,2.44,Energy - Fossil Fuels,88
Universal Res,BGO,UNIV.SI,4.001,0.01,,,Energy - Fossil Fuels,41
UnUsUaL,1D1,UNUS.SI,198.632,29.083,,,Cyclical Consumer Services,57
UOA,EH5,UOS.AX,368.157,396.508,11.66,2.61,Real Estate,
UOB,U11,UOBH.SI,44236.469,,,2.97,Banking & Investment Services,113
UOB Kay Hian,U10,UOKH.SI,1464.691,587.593,9.11,5.43,Banking & Investment Services,52
UOI,U13,UOIS.SI,441.539,55.342,18.32,2.35,Insurance,90
UOL,U14,UTOS.SI,6710.422,1977.148,512.24,1.89,Real Estate,86
USP Group,BRS,USPG.SI,4.364,30.002,,,Energy - Fossil Fuels,27
UtdHampshReitUSD,ODBU,UNIE.SI,335.714,,,7.13,Real Estate,
V2Y Corp,V2Y,V2YC.SI,18.048,,,,Software & IT Services,70
Vallianz,WPC,VHLD.SI,26.849,223.39,,,Transportation,68
ValueMax,T6I,VAMG.SI,221.2,276.113,6.36,4.74,Banking & Investment Services,56
Valuetronics,BN2,VLUE.SI,274.447,356.505,9.63,5.25,Technology Equipment,70
Venture,V03,VENM.SI,5900.943,3012.894,19.81,3.7,Technology Equipment,94
Versalink,40N,VERS.SI,12.555,12.407,,,Industrial & Commercial Services,65
Vibrant Group,BIP,VIBR.SI,70.493,145.15,,,Transportation,46
VibroPower,BJD,VIBO.SI,4.711,,,,Industrial Goods,69
VICOM Ltd,WJP,VCOM.SI,772.958,86.452,31.57,2.85,Industrial & Commercial Services,
Vicplas Intl,569,VICP.SI,125.045,98.199,16.52,1.53,Healthcare Services,52
Viking Offshore,557,VIKO.SI,4.338,17.416,,,Energy - Fossil Fuels,71
Vividthree,OMK,VIVI.SI,17.035,2.995,,,Cyclical Consumer Services,46
Wee Hur,E3B,WHHL.SI,196.542,189.945,6.78,2.38,Industrial & Commercial Services,63
Willas-Array,BDR,0854.HK,270.106,3401.36,5.69,,Technology Equipment,72
Wilmar Intl,F34,WLIL.SI,34578.371,67140,16.84,2.41,Food & Beverages,78
Wilton Resources,5F7,WILT.SI,77,0.475,,,Mineral Resources,61
Wing Tai,W05,WTHS.SI,1540.219,430.949,137.39,1.55,Real Estate,91
Winmark Inv,40R,WINM.SI,159.005,4.23,,,Industrial & Commercial Services,15
Wong Fong Ind,1A1,WONG.SI,38.775,,,3.15,Industrial Goods,67
World Class Gbl,1E6,WORL.SI,108.073,,,,Real Estate,62
World Precision,B49,WPML.SI,180,210.492,24.06,3.42,Industrial Goods,56
XMH,BQF,XMHL.SI,14.887,53.313,,,Industrial Goods,64
Y Ventures,1F1,YVEN.SI,17.4,46.533,16.83,,Software & IT Services,67
Yamada Green Res,BJV,YAMR.SI,57.404,13.202,,,Food & Beverages,33
Yanlord Land,Z25,YNLG.SI,2572.332,4891.02,4.81,5.15,Real Estate,58
Yeo Hiap Seng,Y03,YHSS.SI,521.92,321.868,,2.22,Food & Beverages,73
YHI Intl,BPF,YHII.SI,146.148,422.795,7.61,6.6,Automobiles & Auto Parts,61
Yinda Infocomm,42F,YIND.SI,93.206,6.165,,,Telecommunications Services,68
Ying Li Intl,5DM,YING.SI,196.892,47.244,,,Real Estate,66
Yoma Strategic,Z59,YOMA.SI,322.196,137.342,,,Real Estate,101
Yongmao,BKX,YNMH.SI,57.688,160.532,8.49,1.54,Industrial Goods,64
Yongnam,AXB,YNAM.SI,42.853,92.85,,,Industrial & Commercial Services,71
Yunnan Energy,T43,1298.HK,440.699,60.988,,,Technology Equipment,43
YuuZoo Networks,AFC,YUUZ.SI,29.028,15.733,,,Software & IT Services,-12
YZJ Shipbldg CNY,SO7,,,,,,,
YZJ Shipbldg SGD,BS6,YAZG.SI,5404.745,3034.898,10.33,3.31,Industrial Goods,74
Zheneng Jinjiang,BWM,ZHEN.SI,574.34,,,,Industrial & Commercial Services,70
Zhongmin Baihui,5SR,ZBRG.SI,149.203,251.571,12.75,3.95,Retailers,63
Zhongxin Fruit,5EG,ZHON.SI,36.941,23.564,,,Food & Beverages,52
ZICO Hldgs,40W,ZICO.SI,29.55,,,,Banking & Investment Services,64